{"esi1_threshold": 0.8709694147109985, "rss_threshold": 0.35, "esi2_threshold": 0.7043555974960327}